Time,XGyro,YGyro,ZGyro,XAccel,YAccel,ZAccel,XMag,YMag,ZMag,lat,long,height
0.000,0.10,0.04,-0.02,-0.1713,0.0602,-1.0969,-2.1486,-1.0397,-2.6135,-33.952548,18.458266,197.300
0.000,-0.05,-0.07,-0.08,-0.1682,0.0526,-1.1012,-2.1543,-1.0550,-2.6593,-33.952548,18.458266,197.300
0.000,0.10,0.04,-0.08,-0.1674,0.0537,-1.0991,-2.1155,-1.0707,-2.6117,-33.952548,18.458268,197.300
0.000,0.01,-0.04,0.03,-0.1712,0.0575,-1.0980,-2.1824,-1.0986,-2.6114,-33.952548,18.458270,197.200
0.000,-0.11,-0.13,0.09,-0.1767,0.0533,-1.1026,-2.0923,-1.0441,-2.6101,-33.952552,18.458270,197.200
0.000,0.04,-0.04,0.05,-0.1660,0.0540,-1.0996,-2.1229,-1.1110,-2.5871,-33.952552,18.458270,197.200
0.000,0.27,-0.53,5.48,-0.0702,0.0650,-1.1007,-2.1763,-1.0356,-2.6472,-33.952552,18.458272,197.200
0.000,-1.02,-0.50,1.95,-0.0662,0.0540,-1.1022,-2.1817,-1.0486,-2.6853,-33.952552,18.458272,197.200
0.000,-1.06,0.24,1.30,-0.1408,0.0922,-1.0749,-2.2177,-0.9656,-2.6549,-33.952556,18.458274,197.100
0.000,1.27,-2.42,1.01,-0.1105,0.1452,-1.0732,-2.2813,-0.9895,-2.6517,-33.952556,18.458276,197.100
0.000,-0.51,-0.13,2.04,-0.1848,0.0907,-1.1136,-2.2903,-0.9305,-2.6514,-33.952556,18.458282,197.100
0.000,-1.33,0.46,3.54,-0.1993,0.1764,-1.0619,-2.3321,-0.9368,-2.6209,-33.952568,18.458312,197.000
0.000,-0.57,-1.75,8.90,-0.1818,0.2597,-1.0500,-2.3173,-0.8480,-2.5970,-33.952584,18.458358,196.800
0.000,1.89,-0.69,7.80,-0.1870,0.2851,-1.0115,-2.3952,-0.7198,-2.6539,-33.952604,18.458398,196.600
0.000,-0.65,-0.56,7.92,-0.1867,0.2417,-1.1002,-2.3935,-0.6440,-2.5598,-33.952612,18.458448,196.300
0.000,1.32,1.41,-1.85,-0.2697,0.2048,-1.0749,-2.3545,-0.6145,-2.6414,-33.952628,18.458504,196.000
0.000,-2.44,-5.75,-10.69,-0.2962,0.0951,-1.0454,-2.3392,-0.5970,-2.6913,-33.952648,18.458542,195.600
0.000,2.21,3.36,-6.97,-0.0461,0.3461,-1.2191,-2.2683,-0.8067,-2.6225,-33.952672,18.458576,195.200
0.000,-4.53,0.47,-2.92,-0.1965,0.1748,-1.1008,-2.3193,-0.8467,-2.6174,-33.952688,18.458612,194.700
0.000,-7.79,-2.82,-2.43,-0.1228,0.0680,-1.1245,-2.2894,-0.9138,-2.6679,-33.952704,18.458638,194.400
0.000,-1.35,5.45,-10.82,-0.1419,0.1926,-1.0223,-2.2880,-0.8320,-2.6384,-33.952720,18.458666,194.100
0.000,-0.87,1.62,-19.33,-0.1977,0.0318,-1.0794,-2.1422,-1.0218,-2.6201,-33.952728,18.458690,193.800
0.000,-3.79,0.56,-9.23,-0.1074,0.0008,-1.0995,-2.0165,-1.0688,-2.6530,-33.952728,18.458724,193.300
0.000,-3.09,0.45,11.84,-0.1733,0.0727,-1.0709,-1.9500,-1.2027,-2.6142,-33.952724,18.458766,192.800
0.000,1.13,-1.38,17.44,-0.1284,0.2656,-1.0950,-2.1309,-1.0540,-2.6175,-33.952728,18.458810,192.100
0.000,3.32,-1.40,0.48,-0.0952,0.2158,-0.9545,-2.1697,-0.9836,-2.5816,-33.952732,18.458852,191.400
0.000,-3.07,-1.63,-4.93,-0.1110,0.0002,-1.1859,-2.1654,-1.0684,-2.5400,-33.952740,18.458900,190.700
0.000,-0.37,4.30,-3.07,-0.1684,0.0526,-1.1115,-2.0376,-1.0611,-2.5939,-33.952752,18.458950,189.600
0.000,1.68,-4.04,14.08,-0.1390,0.2188,-1.0752,-2.1323,-0.9837,-2.6898,-33.952760,18.458992,188.700
0.000,6.46,-0.68,13.26,-0.1229,0.3663,-1.0998,-2.2362,-0.8611,-2.5346,-33.952768,18.459034,187.900
0.000,-3.28,1.87,13.23,-0.0480,0.2768,-1.1141,-2.3591,-0.7475,-2.6101,-33.952780,18.459072,187.300
0.000,0.04,-1.32,15.00,-0.0471,0.3218,-1.0878,-2.2681,-0.5771,-2.6654,-33.952800,18.459114,186.700
0.000,-3.14,3.91,10.66,-0.0791,0.1998,-1.1525,-2.3641,-0.4278,-2.6208,-33.952820,18.459148,186.300
0.000,-0.53,-1.39,6.28,-0.0330,0.2767,-1.0906,-2.3208,-0.3209,-2.5912,-33.952852,18.459180,185.900
0.000,1.11,-1.13,5.51,-0.0317,0.2940,-1.0559,-2.2622,-0.2018,-2.5331,-33.952884,18.459206,185.400
0.000,0.46,-0.44,4.39,-0.0435,0.2190,-1.0988,-2.1782,-0.1579,-2.5643,-33.952956,18.459200,184.800
0.000,1.93,-2.27,-1.09,-0.0257,0.2065,-1.1330,-2.2170,-0.1052,-2.6664,-33.953024,18.459154,184.100
0.000,-1.20,1.14,1.92,-0.0613,0.1373,-1.0932,-2.2652,-0.2027,-2.6566,-33.953060,18.459166,183.800
0.000,-4.77,-0.07,3.62,-0.0397,0.1210,-1.1630,-2.2496,-0.1025,-2.6204,-33.953104,18.459174,183.400
0.000,3.83,1.69,4.13,-0.0497,0.1858,-1.0053,-2.2609,-0.0686,-2.6625,-33.953140,18.459190,183.200
0.000,0.34,-0.29,3.29,0.0067,0.1924,-1.1144,-2.1755,-0.0836,-2.6256,-33.953176,18.459182,183.100
0.000,-0.45,0.63,1.24,0.0238,0.1020,-1.0861,-2.1470,-0.1149,-2.6418,-33.953204,18.459182,183.200
0.000,-0.93,0.25,3.87,0.0289,0.1726,-1.1086,-2.1472,-0.0743,-2.6457,-33.953244,18.459180,183.200
0.000,-0.59,-0.07,-1.46,0.0468,0.1441,-1.0967,-2.1272,-0.1155,-2.6309,-33.953268,18.459162,183.400
0.000,4.88,-1.05,-2.89,0.0058,0.0944,-1.1003,-2.1855,-0.0706,-2.6382,-33.953296,18.459140,183.600
0.000,0.58,0.07,1.46,-0.0044,0.1646,-1.1010,-2.1373,-0.1221,-2.6733,-33.953320,18.459120,183.900
0.000,0.74,-1.20,1.25,-0.0079,0.1552,-1.1163,-2.1609,-0.0783,-2.7285,-33.953356,18.459104,184.300
0.000,2.20,-0.84,0.94,-0.0232,0.1686,-1.0807,-2.1785,-0.1055,-2.6639,-33.953400,18.459096,184.600
0.000,0.65,0.68,2.29,-0.0217,0.1573,-1.0695,-2.1112,-0.0730,-2.6323,-33.953448,18.459086,185.000
0.000,1.25,4.61,-0.72,-0.0553,0.1510,-1.1461,-2.1323,-0.0737,-2.6250,-33.953500,18.459072,185.300
0.000,0.09,-1.41,-2.04,-0.0103,0.1764,-1.1190,-2.1500,-0.0576,-2.5605,-33.953548,18.459060,185.500
0.000,0.14,-3.80,0.31,-0.0536,0.2821,-1.0954,-2.1598,-0.0572,-2.5893,-33.953600,18.459058,185.900
0.000,1.29,-0.38,-0.57,-0.0310,0.2574,-1.0823,-2.1779,-0.0741,-2.6368,-33.953652,18.459050,186.200
0.000,0.49,0.07,1.70,-0.0840,0.2191,-1.0897,-2.1408,-0.1063,-2.6029,-33.953696,18.459036,186.700
0.000,0.16,-0.90,0.64,-0.1149,0.1746,-1.1175,-2.1873,-0.0815,-2.5936,-33.953744,18.459034,187.100
0.000,1.62,11.99,1.31,-0.1118,0.1783,-1.1113,-2.1083,-0.0193,-2.5257,-33.953784,18.459030,187.500
0.000,-4.21,-4.01,0.26,-0.0186,0.1416,-1.0696,-2.1695,-0.0730,-2.5963,-33.953828,18.459038,187.900
0.000,-3.19,-2.21,-1.06,0.1439,0.1731,-1.0949,-2.1480,-0.0166,-2.6304,-33.953900,18.459032,188.300
0.000,-2.36,-3.37,-1.21,0.1320,0.1570,-1.1304,-2.0997,-0.0904,-2.4960,-33.953956,18.459010,188.600
0.000,-0.66,1.35,-0.21,0.0323,0.0981,-1.1728,-2.0912,-0.0848,-2.6279,-33.954008,18.458978,189.000
0.000,1.08,1.01,-0.42,-0.0141,0.1496,-0.9570,-2.1065,-0.0520,-2.6538,-33.954044,18.458956,189.500
0.000,4.90,-0.45,0.36,-0.0225,0.2099,-1.0797,-2.1417,-0.0826,-2.6520,-33.954088,18.458936,190.100
0.000,-1.12,-1.50,0.91,-0.0389,0.1384,-1.1367,-2.1852,-0.0594,-2.6007,-33.954136,18.458916,190.700
0.000,3.00,-0.59,2.32,0.0376,0.1973,-1.0897,-2.1185,-0.0709,-2.5604,-33.954180,18.458884,191.100
0.000,-3.46,-1.24,-4.59,-0.0301,0.0335,-1.1746,-2.1198,-0.1000,-2.5586,-33.954236,18.458850,191.500
0.000,-5.20,0.13,-3.23,0.0094,0.0420,-1.1911,-2.1716,-0.0965,-2.6493,-33.954288,18.458836,192.000
0.000,2.35,-1.10,0.07,-0.0592,0.1374,-0.9812,-2.2206,-0.1497,-2.5663,-33.954352,18.458784,192.000
0.000,0.33,-0.98,3.26,-0.0181,0.1981,-1.1008,-2.1978,-0.0268,-2.5530,-33.954420,18.458740,192.300
0.000,1.32,0.13,1.77,0.0094,0.1798,-1.1059,-2.1588,-0.0664,-2.5975,-33.954488,18.458706,192.800
0.000,0.44,-0.56,0.31,-0.0062,0.1948,-1.0912,-2.0952,-0.0605,-2.6118,-33.954556,18.458680,193.500
0.000,0.78,0.66,-0.10,0.0136,0.2021,-1.0877,-2.1094,-0.0819,-2.6029,-33.954624,18.458654,194.300
0.000,-0.81,-0.32,1.25,-0.0075,0.1392,-1.1083,-2.0848,0.0271,-2.5984,-33.954700,18.458622,194.600
0.000,0.06,0.71,1.16,-0.0882,0.1727,-1.0726,-2.1149,-0.0870,-2.6165,-33.954784,18.458600,195.200
0.000,0.25,-0.32,0.33,-0.0839,0.1674,-1.0877,-2.0697,0.0008,-2.5344,-33.954856,18.458590,195.200
0.000,4.33,0.41,0.48,-0.0648,0.1836,-1.0746,-2.0724,-0.0653,-2.5227,-33.954928,18.458588,195.800
0.000,0.92,0.62,1.55,0.0529,0.1378,-1.0977,-2.1000,-0.0596,-2.5900,-33.954988,18.458562,196.500
0.000,-1.14,0.25,3.75,0.0740,0.1403,-1.1268,-2.0553,-0.0983,-2.6136,-33.955044,18.458542,197.400
0.000,-2.73,0.31,2.53,0.0346,0.0986,-1.1213,-2.0281,-0.0251,-2.5711,-33.955100,18.458516,197.200
0.000,-0.78,2.94,3.29,0.0038,0.1710,-1.1147,-2.0197,0.0370,-2.5968,-33.955172,18.458490,197.900
0.000,1.63,-1.40,-0.56,0.0564,0.1433,-1.0630,-1.9804,0.0413,-2.5798,-33.955252,18.458478,198.500
0.000,-0.42,-0.47,0.92,-0.0465,0.1543,-1.0813,-2.0139,0.0136,-2.5830,-33.955340,18.458446,198.900
0.000,0.55,0.07,0.09,-0.0013,0.1373,-1.1042,-1.9604,0.0145,-2.5848,-33.955416,18.458400,199.100
0.000,-0.18,-1.44,-0.52,0.0300,0.1232,-1.1288,-1.9846,-0.0505,-2.5873,-33.955492,18.458358,199.500
0.000,0.95,-4.28,0.21,0.0207,0.0938,-1.0998,-1.9564,0.0359,-2.5590,-33.955560,18.458312,199.700
0.000,-0.17,-1.72,0.06,-0.0079,0.1343,-1.1233,-1.9940,0.0981,-2.5626,-33.955632,18.458262,199.700
0.000,1.19,-1.59,-0.88,-0.0071,0.1323,-1.1299,-2.0093,0.0218,-2.5815,-33.955688,18.458196,199.900
0.000,0.44,2.80,-0.64,-0.0193,0.1226,-1.0714,-2.0054,0.0399,-2.6661,-33.955752,18.458142,199.900
0.000,1.54,-2.19,-0.82,0.0766,0.1053,-1.0891,-2.0162,-0.0234,-2.6446,-33.955820,18.458094,199.900
0.000,1.66,0.29,-0.42,-0.0233,0.1032,-1.0820,-2.0287,-0.0376,-2.6203,-33.955892,18.458042,199.700
0.000,-1.29,-0.17,-0.30,-0.0519,0.1042,-1.1007,-2.0137,0.0136,-2.5951,-33.955960,18.457992,199.500
0.000,0.37,0.37,0.36,0.0512,0.1136,-1.0845,-1.9741,0.0303,-2.5420,-33.956024,18.457938,199.300
0.000,-3.38,1.17,1.50,-0.0300,0.1389,-1.1105,-2.0856,0.0456,-2.6692,-33.956056,18.457936,199.600
0.000,-2.82,-0.56,-0.02,0.0332,0.1370,-1.1235,-1.9931,0.0507,-2.5553,-33.956092,18.457878,199.400
0.000,-0.51,2.30,-2.55,-0.0538,0.0976,-1.1099,-1.9958,0.0793,-2.5526,-33.956164,18.457818,199.000
0.000,-0.34,2.03,-1.81,-0.0748,0.1257,-1.0810,-2.0302,0.0340,-2.5945,-33.956240,18.457760,198.600
0.000,1.00,-0.08,0.56,-0.0767,0.1765,-1.0538,-2.0144,0.0444,-2.6006,-33.956308,18.457702,198.100
0.000,1.17,0.80,0.97,-0.0378,0.1549,-1.1162,-2.1125,0.0648,-2.6269,-33.956388,18.457656,197.600
0.000,-3.64,1.25,0.50,-0.0496,0.1124,-1.1107,-2.0604,0.0555,-2.5904,-33.956456,18.457610,196.900
0.000,-1.42,1.81,-0.24,-0.0763,0.1294,-1.1065,-2.0457,0.0683,-2.5465,-33.956536,18.457560,196.200
0.000,2.42,-1.02,-1.18,-0.0500,0.1982,-1.1112,-2.0638,0.0939,-2.5587,-33.956608,18.457508,195.600
0.000,-0.63,-1.22,-0.54,-0.0910,0.1574,-1.0499,-2.1013,0.0816,-2.5770,-33.956676,18.457456,195.000
0.000,-2.43,-3.88,1.22,-0.0343,0.1723,-1.0935,-2.0837,0.0690,-2.5518,-33.956740,18.457400,194.600
0.000,-0.59,0.22,0.52,-0.0609,0.1443,-1.0997,-2.1315,0.0848,-2.6339,-33.956808,18.457338,194.100
0.000,0.01,0.02,-1.16,-0.0339,0.1310,-1.1198,-2.0370,0.0339,-2.5901,-33.956880,18.457292,193.800
0.000,1.84,0.87,-1.06,-0.0159,0.1386,-1.1154,-2.0510,0.0282,-2.5780,-33.956940,18.457258,193.400
0.000,-2.46,-0.17,-0.47,0.0186,0.0986,-1.1184,-2.0106,0.0298,-2.5957,-33.957012,18.457212,192.900
0.000,-1.14,-0.84,-0.08,-0.0275,0.1477,-1.1210,-2.0853,0.0933,-2.5384,-33.957080,18.457166,192.600
0.000,0.38,1.08,0.59,-0.0424,0.1817,-1.0599,-2.0951,0.0557,-2.5685,-33.957152,18.457122,192.300
0.000,2.29,0.51,0.81,-0.0396,0.1580,-1.1039,-2.0609,0.0627,-2.5780,-33.957232,18.457082,192.000
0.000,1.15,0.07,0.34,-0.0362,0.1324,-1.1572,-2.0795,-0.0040,-2.5781,-33.957312,18.457036,191.600
0.000,0.22,0.19,-0.51,-0.1915,0.1890,-1.1296,-2.0331,0.0180,-2.6050,-33.957380,18.456984,191.300
0.000,-0.34,1.72,3.23,-0.0603,0.1651,-1.0901,-2.0799,0.0565,-2.6315,-33.957448,18.456950,190.900
0.000,-7.45,-9.26,-1.04,0.0504,0.0677,-0.9731,-2.0485,0.0569,-2.5987,-33.957512,18.456946,190.700
0.000,-1.77,-0.14,0.00,0.1158,0.1281,-1.1069,-2.0397,0.0670,-2.6189,-33.957560,18.456928,190.800
0.000,-0.04,-0.74,0.03,0.0763,0.1367,-1.1162,-2.0109,0.0535,-2.5836,-33.957612,18.456906,190.800
0.000,-1.11,-0.08,-0.24,0.0324,0.1081,-1.1094,-1.9712,0.0341,-2.6372,-33.957664,18.456878,190.800
0.000,0.41,0.37,0.03,0.0382,0.1192,-1.0922,-2.0871,0.0870,-2.6046,-33.957720,18.456842,190.500
0.000,-0.77,2.51,0.33,-0.0072,0.1187,-1.1010,-1.9994,0.0893,-2.5261,-33.957788,18.456796,190.200
0.000,-1.91,0.37,-0.36,0.0162,0.1367,-1.0986,-2.0427,0.0919,-2.6168,-33.957848,18.456740,190.100
0.000,-2.25,-0.22,0.15,0.0357,0.1449,-1.1412,-2.0250,0.1371,-2.5651,-33.957908,18.456686,189.900
0.000,-1.59,-0.20,0.61,0.0051,0.1617,-1.0634,-2.0539,0.0952,-2.5518,-33.957964,18.456638,189.800
0.000,3.21,0.04,0.39,0.0129,0.1957,-1.0998,-2.0518,0.1165,-2.5919,-33.958028,18.456584,189.700
0.000,1.84,1.68,1.06,0.0056,0.1474,-1.0850,-2.0812,0.0971,-2.5758,-33.958092,18.456534,189.700
0.000,-1.57,-0.56,1.98,0.0178,0.1823,-1.1248,-2.0427,0.1121,-2.6242,-33.958168,18.456486,189.400
0.000,0.15,0.19,0.15,0.0271,0.1436,-1.0929,-2.0774,0.0840,-2.6657,-33.958244,18.456434,189.200
0.000,-4.59,-0.84,-1.79,0.0006,0.1185,-1.1133,-2.0374,0.0819,-2.6226,-33.958320,18.456384,189.000
0.000,-2.61,1.68,-0.07,-0.0835,0.0887,-1.0546,-2.0254,0.0940,-2.5694,-33.958400,18.456342,188.800
0.000,2.05,-0.04,1.46,-0.0239,0.1364,-1.1068,-1.9714,0.1002,-2.5619,-33.958484,18.456294,188.600
0.000,-0.34,-0.92,0.52,-0.0192,0.1355,-1.1182,-2.0421,0.0657,-2.6221,-33.958552,18.456236,188.800
0.000,1.06,-1.77,4.94,-0.0351,0.2204,-1.0573,-2.0108,0.0893,-2.6021,-33.958628,18.456176,188.800
0.000,-3.14,-4.38,6.57,0.0379,0.2406,-1.0533,-2.0357,0.0943,-2.6706,-33.958700,18.456106,188.900
0.000,-0.91,-6.24,7.10,0.0059,0.2285,-1.0743,-1.9588,0.0727,-2.5971,-33.958760,18.456032,189.200
0.000,-0.38,-0.35,2.40,-0.0486,0.1883,-1.0870,-1.9211,0.1570,-2.5606,-33.958820,18.455952,188.900
0.000,-0.35,0.10,0.70,-0.0514,0.1531,-1.1174,-1.8886,0.1502,-2.6226,-33.958876,18.455852,188.900
0.000,-3.43,1.35,0.55,-0.1721,0.1596,-1.1009,-1.8192,0.1216,-2.6353,-33.958944,18.455760,189.600
0.000,1.64,-1.60,-0.22,-0.0644,0.1241,-1.0963,-1.7783,0.0980,-2.5610,-33.959004,18.455674,189.900
0.000,-4.86,6.02,-3.89,-0.0952,0.1137,-1.0754,-1.8998,0.1885,-2.5375,-33.959064,18.455588,189.300
0.000,4.42,8.28,-6.27,-0.1070,0.1202,-1.0720,-1.9035,0.2010,-2.4790,-33.959124,18.455508,188.700
0.000,1.98,-0.20,-8.13,-0.0545,0.0267,-1.1696,-1.9758,0.1439,-2.5513,-33.959192,18.455426,188.100
0.000,4.97,-0.01,0.42,-0.0349,0.2464,-1.1023,-1.9920,0.1659,-2.4148,-33.959264,18.455348,187.700
0.000,-2.15,0.62,-0.60,-0.1065,0.2125,-1.1113,-2.0733,0.1291,-2.5370,-33.959344,18.455284,187.300
0.000,2.32,1.02,-2.55,-0.0711,0.1916,-1.1230,-2.1409,0.1969,-2.5174,-33.959428,18.455222,187.100
0.000,4.45,1.26,1.06,-0.0655,0.1684,-1.0390,-2.1289,0.1647,-2.5703,-33.959500,18.455166,186.700
0.000,0.86,-0.68,-1.06,-0.0416,0.1740,-1.1196,-2.1389,0.1016,-2.5923,-33.959572,18.455120,185.900
0.000,2.05,-2.01,-0.44,-0.0525,0.1699,-1.0383,-2.1446,0.0924,-2.6103,-33.959648,18.455084,185.400
0.000,-1.17,0.74,-1.03,-0.0627,0.1384,-1.1032,-2.1335,0.0766,-2.5747,-33.959720,18.455048,185.300
0.000,0.64,3.24,2.77,-0.0827,0.1603,-1.1163,-2.1620,0.0858,-2.5874,-33.959792,18.455018,185.200
0.000,0.16,0.22,3.29,-0.0541,0.2008,-1.0870,-2.1964,0.1413,-2.5851,-33.959864,18.454982,185.200
0.000,3.62,-2.98,-0.17,-0.0690,0.1057,-1.1187,-2.1660,0.0433,-2.5770,-33.959932,18.454940,185.100
0.000,-2.98,2.53,-1.73,-0.1237,0.0454,-1.0596,-2.1688,0.0581,-2.5917,-33.959992,18.454888,184.900
0.000,-0.70,-1.35,1.52,-0.0480,0.1318,-1.1342,-2.1672,0.0727,-2.5867,-33.960044,18.454836,184.700
0.000,-3.11,0.55,3.08,-0.0623,0.1613,-1.0955,-2.1740,0.0585,-2.5810,-33.960104,18.454782,184.600
0.000,-2.76,-0.35,1.49,-0.0610,0.1363,-1.1100,-2.1261,0.0967,-2.5458,-33.960172,18.454730,184.300
0.000,2.01,-1.72,0.87,-0.0601,0.1738,-1.0654,-2.1400,0.0897,-2.5564,-33.960236,18.454680,184.000
0.000,-1.59,-3.49,-1.06,-0.0747,0.1812,-1.1140,-2.1285,0.1563,-2.5807,-33.960308,18.454602,184.600
0.000,-6.60,0.02,-3.50,-0.0625,0.1449,-1.1331,-2.1621,0.1629,-2.5521,-33.960376,18.454532,184.800
0.000,-0.90,3.97,-5.73,-0.0752,0.1260,-1.1022,-2.1865,0.2000,-2.5802,-33.960444,18.454470,184.800
0.000,0.77,4.12,-9.17,-0.1753,0.0361,-1.1901,-2.2418,0.1355,-2.5291,-33.960516,18.454408,184.700
0.000,-1.88,0.37,-5.17,-0.0855,0.0844,-1.1057,-2.3194,0.1422,-2.5416,-33.960580,18.454370,184.800
0.000,-0.53,0.72,-2.73,-0.0817,0.1076,-1.1317,-2.4102,0.0831,-2.5739,-33.960680,18.454340,184.500
0.000,-1.20,0.68,-0.69,-0.1346,0.1578,-1.0907,-2.4013,0.0694,-2.5311,-33.960768,18.454320,184.200
0.000,0.10,0.16,-1.70,-0.1457,0.1236,-1.1114,-2.4165,-0.0006,-2.6078,-33.960856,18.454292,183.200
0.000,-2.76,-0.59,-0.21,-0.1265,0.1554,-1.0881,-2.3900,0.0284,-2.5092,-33.960944,18.454276,182.800
0.000,0.13,-1.32,-0.18,-0.2379,0.1800,-1.0796,-2.3909,-0.0262,-2.5179,-33.961036,18.454254,182.100
0.000,0.41,-1.05,-0.79,-0.2665,0.2055,-1.0729,-2.4266,0.0492,-2.5742,-33.961116,18.454240,181.900
0.000,0.91,0.00,1.06,-0.2569,0.2086,-1.1009,-2.3905,0.0329,-2.5432,-33.961184,18.454234,181.300
0.000,-0.05,2.65,1.55,-0.0426,0.1084,-1.0991,-2.3353,-0.0488,-2.5434,-33.961248,18.454236,180.800
0.000,2.65,-2.55,-0.79,-0.0132,0.2214,-1.3074,-2.3429,0.1188,-2.6283,-33.961300,18.454236,180.700
0.000,0.24,2.46,0.17,0.0590,0.1314,-1.0851,-2.3819,0.1042,-2.6185,-33.961356,18.454236,180.900
0.000,1.72,-3.04,-25.93,-0.0109,0.1739,-1.1219,-2.3760,0.0721,-2.5616,-33.961420,18.454224,180.800
0.000,-1.05,0.62,2.59,-0.0479,0.1460,-1.1277,-2.3559,-0.0363,-2.6086,-33.961496,18.454214,180.100
0.000,0.28,1.14,2.21,-0.0994,0.1692,-1.0762,-2.3509,-0.0154,-2.5450,-33.961576,18.454200,179.800
0.000,-0.31,-0.61,-0.54,-0.1165,0.1596,-1.0874,-2.3351,-0.0343,-2.5402,-33.961668,18.454184,178.900
0.000,-1.72,-0.81,-0.72,-0.1219,0.1510,-1.1232,-2.3653,-0.0359,-2.5605,-33.961752,18.454162,178.600
0.000,-2.32,-0.34,1.61,-0.1576,0.2015,-1.1166,-2.3259,0.0749,-2.5732,-33.961836,18.454122,177.300
0.000,-2.85,0.41,0.73,-0.2486,0.2348,-1.0605,-2.4452,0.0632,-2.4870,-33.961916,18.454100,176.100
0.000,-2.39,0.38,-11.03,-0.1473,0.1330,-1.0842,-2.5166,0.0848,-2.5270,-33.961992,18.454076,175.000
0.000,-1.14,3.82,-11.49,-0.1034,0.0757,-1.1162,-2.5069,0.0127,-2.5916,-33.962068,18.454064,174.500
0.000,-3.48,4.00,-16.64,-0.1656,0.0469,-1.1327,-2.6389,-0.1213,-2.5991,-33.962132,18.454078,174.200
0.000,-1.86,2.78,-13.62,-0.1590,0.0454,-1.1191,-2.5299,-0.3359,-2.5830,-33.962196,18.454110,174.700
0.000,-1.14,2.35,-13.17,-0.0915,0.0181,-1.0974,-2.5500,-0.4162,-2.6796,-33.962256,18.454166,175.600
0.000,-0.61,4.32,-10.98,-0.0997,0.0424,-1.0909,-2.5570,-0.5593,-2.6530,-33.962312,18.454230,176.200
0.000,4.61,-0.80,-0.75,-0.0957,0.1497,-1.1137,-2.4604,-0.6207,-2.6332,-33.962352,18.454320,176.700
0.000,-0.43,1.01,-0.28,-0.0956,0.1291,-1.0768,-2.4539,-0.6944,-2.6660,-33.962384,18.454404,176.400
0.000,0.43,-0.49,0.51,-0.1363,0.1606,-1.1117,-2.4798,-0.6240,-2.6443,-33.962428,18.454566,171.600
0.000,-0.41,0.77,0.09,-0.1059,0.1662,-1.1026,-2.3891,-0.6903,-2.6458,-33.962444,18.454684,168.300
0.000,0.51,0.26,0.10,-0.1394,0.1785,-1.0555,-2.4309,-0.6186,-2.6526,-33.962460,18.454804,166.200
0.000,-4.11,2.60,0.27,-0.1027,0.1371,-1.1682,-2.4496,-0.6082,-2.6552,-33.962480,18.454914,165.200
0.000,-0.55,1.03,-0.17,-0.1107,0.1786,-1.0733,-2.3986,-0.6507,-2.6375,-33.962500,18.455034,164.500
0.000,1.25,-0.96,-0.06,-0.0803,0.2042,-1.0532,-2.4081,-0.6158,-2.6577,-33.962528,18.455162,163.900
0.000,2.73,-1.78,-0.77,-0.1125,0.1542,-1.0818,-2.3907,-0.6246,-2.6687,-33.962560,18.455294,163.500
0.000,1.96,-0.99,0.82,-0.0960,0.2112,-1.1420,-2.3754,-0.5941,-2.6899,-33.962584,18.455424,163.100
0.000,4.60,-2.08,-0.20,-0.1469,0.2346,-1.0215,-2.4262,-0.6404,-2.6584,-33.962620,18.455548,162.800
0.000,4.83,0.47,2.05,-0.1113,0.2116,-1.0387,-2.4883,-0.5939,-2.6491,-33.962648,18.455668,162.400
0.000,4.95,-2.60,0.52,-0.1408,0.1884,-1.1102,-2.3936,-0.6436,-2.6908,-33.962680,18.455792,161.900
0.000,1.03,0.01,-1.12,-0.1654,0.1762,-1.0728,-2.4170,-0.6137,-2.6537,-33.962712,18.455916,161.200
0.000,-6.49,-2.37,-0.51,-0.2575,0.1268,-1.1991,-2.4155,-0.6237,-2.7317,-33.962740,18.456032,160.700
0.000,0.68,-0.53,0.00,-0.3213,0.2235,-1.0808,-2.4100,-0.5739,-2.6422,-33.962772,18.456142,160.300
0.000,0.62,-0.29,0.39,-0.3358,0.2341,-1.0767,-2.4382,-0.6253,-2.6402,-33.962800,18.456242,159.700
0.000,5.64,9.34,1.76,-0.2323,0.2722,-1.0951,-2.4395,-0.6690,-2.6483,-33.962816,18.456322,159.300
0.000,-1.83,15.00,-1.70,0.0423,0.0936,-1.1644,-2.4851,-0.5905,-2.6352,-33.962824,18.456382,159.000
0.000,-1.87,0.46,-0.40,-0.0421,0.1817,-1.0749,-2.4170,-0.5580,-2.6561,-33.962836,18.456448,158.700
0.000,1.56,-1.05,-1.55,-0.0923,0.1578,-1.1060,-2.4454,-0.6315,-2.6275,-33.962856,18.456512,158.600
0.000,0.78,-0.19,3.33,-0.0313,0.2417,-1.0548,-2.4823,-0.5716,-2.6514,-33.962880,18.456594,156.700
0.000,3.24,-0.56,-0.75,-0.0379,0.1635,-1.1213,-2.4366,-0.5174,-2.6618,-33.962904,18.456684,154.800
0.000,-3.23,-0.69,1.09,-0.0353,0.1867,-1.1098,-2.4652,-0.5634,-2.6892,-33.962932,18.456772,154.700
0.000,0.52,-0.09,0.50,-0.0805,0.1738,-1.1039,-2.4489,-0.6005,-2.6018,-33.962964,18.456866,154.400
0.000,-0.11,0.28,-0.57,-0.0940,0.1757,-1.1105,-2.4664,-0.5069,-2.6905,-33.962988,18.456976,154.300
0.000,2.09,-1.77,-0.36,-0.0820,0.1848,-1.0859,-2.4758,-0.5715,-2.7053,-33.963032,18.457094,154.300
0.000,-0.56,0.12,0.28,-0.0761,0.1854,-1.1061,-2.4722,-0.6162,-2.6330,-33.963068,18.457208,153.900
0.000,3.60,-3.67,-1.70,-0.0542,0.2208,-1.1708,-2.4150,-0.5797,-2.7026,-33.963104,18.457332,153.300
0.000,-7.09,-4.22,-2.59,-0.1129,0.0394,-1.1432,-2.4598,-0.5803,-2.6730,-33.963140,18.457458,152.600
0.000,5.83,-3.70,-0.18,-0.1019,0.2573,-1.1074,-2.4794,-0.6097,-2.6272,-33.963168,18.457592,152.200
0.000,1.37,0.47,0.27,-0.1358,0.1927,-1.1195,-2.4732,-0.5423,-2.6181,-33.963200,18.457720,151.300
0.000,2.20,8.85,2.59,-0.1848,0.2750,-0.9488,-2.4522,-0.6144,-2.6519,-33.963228,18.457836,150.500
0.000,0.30,-1.76,0.97,-0.1316,0.2028,-1.1381,-2.3994,-0.5617,-2.6009,-33.963248,18.457952,149.600
0.000,0.16,0.68,-0.91,-0.1892,0.1503,-1.0761,-2.5000,-0.6156,-2.6469,-33.963276,18.458064,148.700
0.000,-0.04,-0.71,-1.12,-0.1670,0.1734,-1.0496,-2.4900,-0.5644,-2.6768,-33.963308,18.458172,148.100
0.000,1.55,0.47,0.38,-0.1363,0.2008,-1.0686,-2.3951,-0.5593,-2.7262,-33.963324,18.458272,147.500
0.000,1.86,1.53,0.70,-0.1764,0.1831,-1.0788,-2.4901,-0.6021,-2.6983,-33.963348,18.458366,146.500
0.000,0.14,0.44,-0.09,-0.2123,0.1615,-1.0929,-2.4674,-0.6479,-2.6396,-33.963372,18.458460,145.600
0.000,1.68,-0.88,-0.56,-0.2521,0.1852,-1.0814,-2.4692,-0.5967,-2.6272,-33.963388,18.458548,144.600
0.000,1.29,0.25,-0.57,-0.3027,0.1893,-1.0615,-2.4763,-0.6323,-2.5850,-33.963412,18.458626,143.700
0.000,1.35,-0.23,1.06,-0.2561,0.2179,-1.0726,-2.4288,-0.5875,-2.6048,-33.963432,18.458724,136.100
0.000,6.31,9.19,1.07,-0.1826,0.2150,-1.1908,-1.9889,-0.2407,-2.3400,-33.963444,18.458770,134.300
0.000,-0.91,1.58,-0.71,-0.0893,0.1128,-1.0651,-2.3553,-0.1348,-2.0138,-33.963460,18.458796,133.000
0.000,-1.67,-1.76,-0.51,0.0611,0.1291,-1.1219,-2.4480,-0.5402,-2.6050,-33.963480,18.458842,127.500
0.000,-1.19,1.61,-3.91,-0.0009,0.0478,-1.0917,-2.4031,-0.5465,-2.6699,-33.963484,18.458864,126.500
0.000,2.71,-1.23,0.84,-0.1101,0.1276,-1.1507,-2.3905,-0.6256,-2.6323,-33.963496,18.458908,125.600
0.000,3.46,-1.97,0.33,-0.1482,0.1646,-1.0943,-2.4418,-0.5867,-2.6182,-33.963520,18.458982,121.300
0.000,2.12,-2.72,1.26,-0.1780,0.1540,-1.0589,-2.3811,-0.6683,-2.6728,-33.963540,18.459052,115.800
0.000,-0.05,0.92,5.73,-0.1372,0.1533,-1.1367,-2.4260,-0.6485,-2.6386,-33.963556,18.459106,111.600
0.000,3.11,-1.23,13.14,-0.1373,0.1955,-1.1017,-2.4409,-0.5886,-2.6107,-33.963564,18.459140,108.700
0.000,0.94,-2.30,14.72,-0.1093,0.2047,-1.1005,-2.6095,-0.4259,-2.7114,-33.963552,18.459180,106.900
0.000,1.78,-0.50,12.35,-0.1454,0.1115,-1.1032,-2.5987,-0.3682,-2.5979,-33.963564,18.459212,105.600
0.000,1.74,-1.60,10.03,-0.1885,0.1629,-1.1004,-2.5651,-0.2288,-2.6955,-33.963584,18.459232,104.500
0.000,0.79,-0.32,5.75,-0.2332,0.1060,-1.1033,-2.5902,-0.1906,-2.7190,-33.963608,18.459232,103.900
0.000,0.85,-0.32,5.82,-0.1110,0.0895,-1.1073,-2.5816,-0.0670,-2.6583,-33.963628,18.459220,103.400
0.000,-0.12,-1.06,6.23,-0.1015,0.0975,-1.1021,-2.5069,-0.0532,-2.6854,-33.963644,18.459206,103.100
0.000,0.80,-0.84,6.80,-0.1089,0.0886,-1.1389,-2.4586,-0.0518,-2.6016,-33.963664,18.459176,104.800
0.000,0.77,-0.90,4.69,-0.0685,0.1139,-1.1004,-2.4495,0.0212,-2.6438,-33.963676,18.459160,104.300
0.000,0.17,-0.42,1.75,-0.0556,0.0919,-1.1162,-2.4103,0.0559,-2.5760,-33.963692,18.459150,103.600
0.000,-0.26,-0.47,0.94,-0.0714,0.0814,-1.1141,-2.4162,0.1154,-2.5176,-33.963716,18.459136,102.500
0.000,1.68,1.47,1.22,-0.0453,0.0936,-1.1352,-2.4399,0.0041,-2.6327,-33.963740,18.459128,100.900
0.000,-1.25,-0.43,1.65,-0.0752,0.0861,-1.1312,-2.4023,0.0751,-2.5945,-33.963776,18.459122,98.600
0.000,0.64,-0.44,4.45,-0.0706,0.1313,-1.0964,-2.2930,0.1050,-2.6527,-33.963820,18.459100,96.800
0.000,-0.27,-0.60,4.51,-0.1724,0.1386,-1.1041,-2.2562,0.1028,-2.6298,-33.963852,18.459076,95.500
0.000,0.16,-0.07,4.39,-0.0785,0.1083,-1.0907,-2.3078,0.1167,-2.6132,-33.963876,18.459056,94.700
0.000,0.24,-0.85,4.17,-0.1403,0.1318,-1.1304,-2.2234,0.1699,-2.6747,-33.963896,18.459036,94.200
0.000,0.40,-0.84,4.85,-0.0711,0.1691,-1.1000,-2.1459,0.2523,-2.6170,-33.963924,18.459002,93.100
0.000,-2.55,0.89,0.30,-0.1466,0.1399,-1.0900,-2.1631,0.2474,-2.6011,-33.963948,18.458970,92.100
0.000,-1.20,-0.07,-0.05,-0.0554,0.1139,-1.0933,-2.0138,0.2555,-2.6141,-33.963980,18.458938,91.200
0.000,-0.83,0.46,-0.82,-0.1445,0.1418,-1.1122,-2.1072,0.1832,-2.6063,-33.964012,18.458916,90.600
0.000,-1.82,1.35,-0.97,-0.1998,0.1800,-1.0771,-2.1289,0.2327,-2.4967,-33.964040,18.458890,90.000
0.000,-1.48,1.14,-3.29,-0.1324,0.1936,-1.0745,-2.1543,0.2669,-2.5926,-33.964064,18.458876,89.400
0.000,-0.41,0.23,-2.13,-0.2062,0.1962,-1.1018,-2.1546,0.3066,-2.6013,-33.964080,18.458864,88.400
0.000,-0.23,0.59,-0.63,-0.1109,0.1835,-1.0883,-2.2784,0.2694,-2.5446,-33.964084,18.458862,87.800
0.000,-0.19,-0.05,-0.39,-0.1561,0.2085,-1.0849,-2.1943,0.2933,-2.4952,-33.964080,18.458866,87.900
0.000,-0.90,0.10,-0.30,-0.0839,0.1912,-1.0953,-2.1626,0.3003,-2.5524,-33.964072,18.458872,87.700
0.000,-0.08,0.34,-0.33,-0.0650,0.1875,-1.0927,-2.2052,0.2596,-2.5648,-33.964080,18.458878,87.400
0.000,-1.17,-0.26,-0.91,-0.0416,0.1753,-1.1013,-2.2340,0.2725,-2.5589,-33.964084,18.458888,87.100
0.000,0.25,0.62,-0.78,-0.0358,0.1811,-1.0925,-2.2321,0.2755,-2.5553,-33.964084,18.458890,86.500
0.000,0.28,0.22,-1.55,-0.0292,0.1944,-1.0950,-2.2436,0.3576,-2.5247,-33.964092,18.458890,85.800
0.000,-0.63,0.25,-2.62,-0.0099,0.1972,-1.0976,-2.2136,0.3210,-2.4702,-33.964112,18.458886,85.200
0.000,-2.87,2.64,-2.56,-0.0821,0.1802,-1.0887,-2.2729,0.2182,-2.5222,-33.964136,18.458870,84.500
0.000,-1.83,0.96,-1.84,-0.0535,0.2245,-1.0713,-2.3159,0.3510,-2.5470,-33.964156,18.458850,83.700
0.000,0.06,3.02,-11.48,-0.0417,0.1902,-1.0722,-2.3645,0.3172,-2.4932,-33.964180,18.458834,83.000
0.000,3.87,5.29,-18.39,-0.0347,0.1476,-1.1071,-2.4543,0.1910,-2.5272,-33.964216,18.458822,82.200
0.000,0.46,3.76,-17.40,-0.2072,0.0984,-1.0980,-2.5664,-0.0098,-2.6336,-33.964252,18.458818,81.400
0.000,-0.41,4.73,-11.97,-0.1596,0.0986,-1.1199,-2.5935,-0.2360,-2.5750,-33.964292,18.458828,80.500
0.000,-0.93,1.90,-7.92,-0.1434,0.1584,-1.0789,-2.5627,-0.2663,-2.7082,-33.964300,18.458854,79.900
0.000,0.77,1.41,-4.99,-0.1257,0.1783,-1.1012,-2.5214,-0.3901,-2.6318,-33.964296,18.458866,78.800
0.000,0.43,0.31,-3.53,-0.0569,0.1718,-1.0968,-2.5392,-0.4050,-2.7153,-33.964292,18.458870,78.300
0.000,-0.17,0.77,-2.37,-0.0753,0.1737,-1.0968,-2.4967,-0.4682,-2.6639,-33.964296,18.458870,79.300
0.000,-0.13,0.83,-2.74,0.0239,0.1549,-1.1086,-2.4159,-0.4172,-2.7634,-33.964300,18.458878,79.600
0.000,0.22,1.50,-5.48,0.1081,0.1007,-1.1129,-2.3953,-0.3716,-2.7450,-33.964304,18.458886,80.800
0.000,0.83,3.33,-11.06,0.1384,0.0644,-1.0980,-2.2880,-0.5120,-2.7075,-33.964300,18.458900,81.300
0.000,3.32,2.48,-15.54,0.1282,0.0130,-1.0993,-2.1929,-0.5987,-2.7707,-33.964300,18.458914,81.200
0.000,-1.56,1.56,-14.81,-0.0767,-0.0174,-1.1415,-2.0290,-0.6787,-2.7823,-33.964304,18.458970,81.300
0.000,-0.90,4.55,-11.64,0.0684,0.0035,-1.1033,-1.9014,-0.7111,-2.7613,-33.964296,18.459020,80.900
0.000,-1.68,3.03,-9.21,0.0603,0.0137,-1.1585,-1.7598,-0.7569,-2.7698,-33.964280,18.459074,80.500
0.000,4.11,-3.55,-32.28,0.1182,0.0628,-1.0923,-1.6267,-0.7480,-2.6912,-33.964260,18.459136,80.200
0.000,-8.13,3.58,-12.70,0.1100,0.0340,-1.1271,-1.1625,-0.8520,-2.8909,-33.964216,18.459196,79.800
0.000,-0.43,1.65,-6.06,0.1065,0.0592,-1.1530,-1.1429,-0.7223,-2.8721,-33.964152,18.459250,79.300
0.000,1.47,1.84,-3.62,0.1357,0.1106,-1.1541,-1.1406,-0.6344,-2.8283,-33.964072,18.459304,78.700
0.000,15.03,1.31,-5.16,0.0967,0.1846,-1.0295,-1.0756,-0.7499,-2.7103,-33.963968,18.459362,78.000
0.000,-0.12,6.26,2.19,0.0513,0.1478,-1.2218,-1.1074,-0.6304,-2.7467,-33.963840,18.459398,77.500
0.000,8.00,-6.68,1.28,0.1623,0.1877,-1.0483,-1.2064,-0.6658,-2.7930,-33.963716,18.459436,77.300
0.000,0.79,-2.72,0.13,0.1286,0.1669,-1.1355,-1.0524,-0.6714,-2.7291,-33.963588,18.459480,77.300
0.000,1.85,-1.19,0.10,0.0762,0.1326,-0.9968,-1.1541,-0.6528,-2.7715,-33.963456,18.459530,77.500
0.000,0.30,-1.79,-0.84,0.1115,0.1221,-1.1167,-1.1117,-0.6683,-2.8148,-33.963316,18.459582,77.800
0.000,1.07,-0.55,-0.00,0.0941,0.1398,-1.0851,-1.1265,-0.6801,-2.8277,-33.963176,18.459630,78.300
0.000,-3.12,0.74,1.68,0.0853,0.1387,-1.0899,-1.1742,-0.5978,-2.8039,-33.963032,18.459682,79.800
0.000,-2.29,0.70,-0.97,0.1058,0.1515,-1.0903,-1.1160,-0.6599,-2.7668,-33.962888,18.459738,81.200
0.000,-4.80,-0.60,-1.19,-0.0190,0.1654,-1.1217,-1.1014,-0.6830,-2.7647,-33.962704,18.459806,83.000
0.000,-1.12,0.32,-0.13,0.0057,0.0952,-1.0781,-1.0958,-0.6559,-2.7568,-33.962552,18.459860,84.200
0.000,4.35,-2.37,-0.29,0.0873,0.2093,-1.0828,-1.2020,-0.6067,-2.8413,-33.962408,18.459910,85.500
0.000,-2.58,1.50,-0.41,0.0322,0.1396,-1.1339,-1.1510,-0.6879,-2.7606,-33.962260,18.459960,87.200
0.000,5.70,-1.11,-0.08,0.0348,0.1449,-1.0902,-1.2125,-0.6565,-2.7830,-33.962116,18.460020,90.100
0.000,1.57,-0.10,-0.47,0.0263,0.1213,-1.0725,-1.2370,-0.7281,-2.7505,-33.961968,18.460082,92.900
0.000,1.05,-2.55,-0.50,0.0304,0.0551,-1.0946,-1.2080,-0.7220,-2.7792,-33.961824,18.460142,95.500
0.000,-2.42,0.47,-0.17,-0.0105,0.0535,-1.1217,-1.2370,-0.7494,-2.7296,-33.961672,18.460194,98.000
0.000,-1.30,-1.05,0.03,-0.0277,0.0468,-1.1415,-1.2736,-0.7485,-2.7700,-33.961528,18.460244,99.900
0.000,-4.45,-0.14,2.83,-0.0024,0.0852,-1.1304,-1.2689,-0.7843,-2.7085,-33.961384,18.460290,101.800
0.000,0.60,-1.42,6.38,0.0160,0.2325,-1.0820,-1.3186,-0.7747,-2.7954,-33.961240,18.460342,103.400
0.000,0.09,-1.93,5.79,0.0112,0.2397,-1.1113,-1.4240,-0.7984,-2.7470,-33.961100,18.460410,105.900
0.000,-2.64,2.24,7.10,-0.0516,0.2275,-1.1825,-1.4661,-0.8079,-2.7190,-33.960964,18.460500,108.500
0.000,-0.33,-0.81,8.08,-0.0192,0.2594,-1.1465,-1.5556,-0.8090,-2.6900,-33.960844,18.460608,110.700
0.000,1.49,-3.27,10.30,-0.0543,0.2180,-1.0674,-1.7268,-0.8526,-2.7650,-33.960724,18.460730,107.200
0.000,-6.71,0.61,2.21,-0.0637,0.2164,-1.0335,-1.7501,-0.7684,-2.7616,-33.960624,18.460858,108.800
0.000,-9.78,4.15,3.24,-0.0706,0.1061,-1.1141,-1.8237,-0.7897,-2.7692,-33.960536,18.461000,109.500
0.000,-2.86,2.16,-4.57,-0.2010,0.0080,-0.9973,-1.8555,-0.7931,-2.7302,-33.960464,18.461150,110.100
0.000,-0.12,-0.96,2.51,-0.1397,0.2137,-1.0279,-1.8024,-0.7464,-2.7886,-33.960396,18.461304,110.600
0.000,6.31,0.83,0.89,-0.1945,0.2578,-1.1001,-1.8183,-0.7661,-2.8148,-33.960328,18.461442,111.300
0.000,0.79,2.51,-0.42,-0.1837,0.2293,-1.1454,-1.7325,-0.7319,-2.8506,-33.960260,18.461570,110.400
0.000,0.13,3.79,-9.75,-0.1461,0.0319,-1.1633,-1.7027,-0.7462,-2.8385,-33.960196,18.461682,108.800
0.000,1.16,3.94,-13.03,-0.0702,-0.0288,-1.1760,-1.4762,-0.7105,-2.7332,-33.960136,18.461774,108.100
0.000,-9.64,9.04,-15.36,-0.1176,-0.1468,-1.1174,-1.3549,-0.6462,-2.8602,-33.960064,18.461846,107.300
0.000,0.62,5.22,-20.05,-0.0920,-0.1279,-1.1760,-1.2324,-0.5137,-2.6947,-33.959980,18.461896,107.000
0.000,3.38,4.62,-24.29,-0.1698,-0.1535,-1.1603,-1.1048,-0.2957,-2.7410,-33.959892,18.461920,107.400
0.000,1.53,5.74,-24.75,-0.0701,-0.1573,-1.1649,-1.1391,-0.0923,-2.6313,-33.959800,18.461916,108.300
0.000,2.44,4.75,-20.47,0.0053,-0.1378,-1.2162,-1.1397,0.0742,-2.5260,-33.959752,18.461852,109.400
0.000,-0.08,3.67,-18.47,0.0191,-0.1105,-1.1923,-1.3117,0.2098,-2.5360,-33.959688,18.461772,108.900
0.000,3.70,3.30,-14.99,0.0736,0.0115,-1.1404,-1.5023,0.3029,-2.5340,-33.959660,18.461674,108.900
0.000,2.36,-3.65,-8.62,0.0756,0.0885,-1.0410,-1.6138,0.2687,-2.5705,-33.959660,18.461584,109.100
0.000,-1.45,1.08,-2.58,0.0835,0.0880,-1.1397,-1.7030,0.2996,-2.5610,-33.959700,18.461488,109.600
0.000,-2.19,-1.27,-1.20,0.0769,0.1073,-1.1187,-1.7896,0.3842,-2.5827,-33.959764,18.461384,109.600
0.000,-2.76,-0.10,-0.76,0.0432,0.1536,-1.1030,-1.7104,0.2810,-2.5983,-33.959836,18.461246,109.100
0.000,0.53,-0.04,-0.40,-0.0009,0.1993,-1.0381,-1.8933,0.3279,-2.5638,-33.959912,18.461138,109.000
0.000,-0.08,1.78,-0.07,0.0025,0.1629,-1.1544,-1.7983,0.3367,-2.5897,-33.959972,18.461050,109.400
0.000,-3.23,-3.10,-2.89,-0.0245,0.2066,-1.0854,-1.8864,0.2884,-2.5023,-33.960028,18.460974,109.900
0.000,-2.33,2.64,1.05,-0.1513,0.2500,-1.0901,-1.7904,0.3203,-2.4974,-33.960092,18.460910,110.000
0.000,-3.89,-2.48,1.55,-0.0658,0.1622,-1.0921,-1.8808,0.3344,-2.5512,-33.960152,18.460862,109.900
0.000,4.96,0.02,1.22,0.0294,0.3513,-0.9650,-1.7611,0.3440,-2.5631,-33.960212,18.460820,109.500
0.000,-1.30,-0.56,-0.45,-0.0116,0.1639,-1.1216,-1.7165,0.3548,-2.5465,-33.960264,18.460776,108.600
0.000,0.10,0.10,-0.24,-0.0579,0.2170,-1.0931,-1.8179,0.4112,-2.5867,-33.960288,18.460746,107.800
0.000,0.15,-0.65,-0.38,-0.0006,0.2279,-1.0759,-1.8208,0.3809,-2.6507,-33.960308,18.460736,107.100
0.000,-0.47,-0.77,-0.54,0.0420,0.2231,-1.1455,-1.7214,0.3780,-2.5518,-33.960328,18.460728,106.500
0.000,-0.30,0.24,-0.01,0.1000,0.1765,-1.0898,-1.8465,0.3517,-2.5856,-33.960336,18.460726,106.400
0.000,0.46,1.17,-0.30,0.1095,0.1751,-1.0890,-1.7848,0.3250,-2.6023,-33.960348,18.460722,106.400
0.000,0.13,-0.47,-0.35,0.1097,0.1768,-1.1035,-1.7826,0.3522,-2.5874,-33.960360,18.460722,106.500
0.000,-0.44,1.66,-0.11,0.1044,0.1937,-1.0639,-1.7821,0.3561,-2.6053,-33.960368,18.460714,106.800
0.000,-1.60,-2.21,0.27,0.1059,0.1545,-1.1193,-1.8209,0.4497,-2.5592,-33.960388,18.460708,107.100
0.000,-1.85,1.85,0.54,0.0571,0.1327,-1.0635,-1.7915,0.3946,-2.5408,-33.960404,18.460698,107.300
0.000,-1.01,-0.66,-0.51,0.0328,0.1735,-1.0646,-1.7426,0.3818,-2.5360,-33.960428,18.460686,107.400
0.000,0.45,0.10,0.47,0.0987,0.1841,-1.0754,-1.7332,0.3290,-2.5589,-33.960436,18.460676,107.100
0.000,-1.11,-0.65,-0.75,0.0946,0.1815,-1.1086,-1.7305,0.3430,-2.5768,-33.960440,18.460674,106.600
0.000,1.84,0.65,-0.06,0.1775,0.1564,-1.0912,-1.8422,0.4012,-2.6435,-33.960444,18.460674,105.800
0.000,0.46,0.50,0.15,0.2228,0.1162,-1.1270,-1.7197,0.3343,-2.5175,-33.960456,18.460668,104.800
0.000,0.49,1.04,1.22,0.1172,0.1799,-1.1192,-1.7041,0.3313,-2.5029,-33.960456,18.460620,104.100
0.000,-2.94,-0.32,0.42,0.1360,0.1470,-1.0960,-1.7199,0.3033,-2.5703,-33.960452,18.460548,103.300
0.000,-1.87,-1.08,0.91,0.0101,0.2053,-1.0884,-1.7375,0.3277,-2.5577,-33.960464,18.460490,102.300
0.000,0.46,-0.50,1.10,0.1216,0.1542,-1.0850,-1.7484,0.3995,-2.6397,-33.960500,18.460446,101.600
0.000,-1.51,1.24,-0.53,0.0886,0.1273,-1.0814,-1.7205,0.3676,-2.5887,-33.960536,18.460410,101.100
0.000,-2.76,0.12,-1.37,0.0400,0.1610,-1.0504,-1.7403,0.3024,-2.6169,-33.960576,18.460370,100.600
0.000,-0.72,-0.10,0.03,0.1492,0.1895,-1.0867,-1.7966,0.3145,-2.5176,-33.960600,18.460330,99.900
0.000,-0.35,-0.44,0.11,0.0225,0.1769,-1.1129,-1.7531,0.3188,-2.5202,-33.960628,18.460294,99.200
0.000,0.40,-0.01,-0.59,0.0210,0.2087,-1.0680,-1.7743,0.3697,-2.5372,-33.960656,18.460248,98.700
0.000,-0.93,-0.29,-0.21,-0.0053,0.1758,-1.1147,-1.6919,0.3489,-2.5124,-33.960672,18.460224,98.000
0.000,-0.23,-0.04,-0.63,-0.0051,0.1941,-1.0926,-1.7152,0.3336,-2.5176,-33.960684,18.460206,96.900
0.000,0.44,0.89,-2.81,0.0794,0.1425,-1.0665,-1.8199,0.3580,-2.5552,-33.960700,18.460200,95.500
0.000,-0.14,0.88,-4.85,0.1434,0.1608,-1.0571,-1.8515,0.3096,-2.6128,-33.960716,18.460204,93.900
0.000,0.29,-1.88,5.69,0.0246,0.2476,-1.0375,-1.8246,0.3581,-2.5395,-33.960724,18.460204,92.800
0.000,-0.04,-0.47,2.38,0.0270,0.1868,-1.0907,-1.7836,0.3505,-2.5180,-33.960724,18.460210,91.900
0.000,-0.62,0.04,0.94,0.1046,0.1614,-1.0972,-1.7276,0.3325,-2.5342,-33.960748,18.460206,97.000
0.000,0.96,0.03,0.67,0.1323,0.1633,-1.0873,-1.7617,0.3768,-2.5695,-33.960756,18.460204,98.000
0.000,-0.51,-0.61,0.73,0.0376,0.1746,-1.0740,-1.7297,0.3694,-2.6604,-33.960764,18.460196,98.800
0.000,0.88,0.22,0.08,0.0547,0.1908,-1.0803,-1.7501,0.3267,-2.4782,-33.960776,18.460184,98.500
0.000,0.15,-0.07,0.15,0.0810,0.1812,-1.0951,-1.7443,0.3564,-2.5444,-33.960788,18.460176,98.600
0.000,0.50,-1.51,-0.18,0.1338,0.1752,-1.1012,-1.7952,0.5128,-2.5218,-33.960780,18.460174,98.300
0.000,1.67,-0.49,-0.15,0.1108,0.2368,-1.0538,-1.7422,0.3281,-2.4790,-33.960772,18.460166,98.700
0.000,-0.41,-1.04,-0.45,0.1051,0.2029,-1.0824,-1.7914,0.3383,-2.5399,-33.960776,18.460144,98.500
0.000,1.49,-1.93,-0.77,-0.0153,0.2404,-1.0530,-1.8504,0.4067,-2.5968,-33.960780,18.460118,98.300
0.000,-1.45,-5.93,-2.06,0.2534,0.2448,-1.1976,-1.8819,0.4509,-2.5655,-33.960792,18.460092,98.000
0.000,-1.59,-4.71,7.83,0.0716,0.3861,-0.9650,-1.8709,0.4652,-2.4685,-33.960808,18.460070,97.700
0.000,0.59,-2.19,10.01,0.0537,0.3277,-1.0139,-1.7436,0.4403,-2.4815,-33.960840,18.460030,97.400
0.000,-0.22,-2.45,1.80,-0.1205,0.3268,-1.1555,-1.6055,0.3949,-2.4797,-33.960860,18.459988,96.700
0.000,4.31,3.56,-4.04,0.0337,0.3704,-0.9459,-1.5431,0.4106,-2.4624,-33.960884,18.459942,95.900
0.000,1.74,6.01,-5.57,-0.0150,0.2767,-1.0997,-1.6697,0.4441,-2.4403,-33.960920,18.459898,95.100
0.000,-3.79,2.48,-3.06,-0.0493,0.2847,-1.0464,-1.7243,0.4079,-2.4933,-33.960944,18.459862,95.400
0.000,-0.83,0.61,-1.72,-0.0079,0.2498,-1.0710,-1.7197,0.3711,-2.5027,-33.960964,18.459838,95.600
0.000,1.19,2.17,-6.09,0.0196,0.2443,-1.0985,-1.6763,0.4755,-2.4569,-33.960956,18.459816,95.200
0.000,-1.94,4.49,-18.01,0.0182,0.2082,-1.0591,-1.8888,0.4883,-2.4857,-33.960952,18.459790,94.700
0.000,1.84,5.69,-27.53,-0.0177,0.2214,-1.0501,-2.2118,0.3662,-2.5233,-33.960948,18.459780,94.200
0.000,-1.60,5.22,-23.10,-0.1213,0.2324,-1.0843,-2.4987,0.1633,-2.6277,-33.960944,18.459768,94.000
0.000,-0.02,1.87,-8.32,-0.1825,0.2861,-1.0601,-2.6232,0.0333,-2.6105,-33.960952,18.459762,94.200
0.000,-0.23,0.31,0.15,-0.1623,0.2767,-1.0619,-2.6446,-0.0107,-2.6647,-33.960948,18.459760,93.800
0.000,0.13,0.07,0.09,-0.0864,0.2690,-1.0674,-2.5905,-0.0521,-2.6228,-33.960940,18.459752,93.600
0.000,0.77,-0.17,0.21,-0.0881,0.2671,-1.0685,-2.5944,-0.0389,-2.6277,-33.960936,18.459750,94.300
0.000,-0.04,0.16,0.06,-0.0886,0.2698,-1.0689,-2.5952,-0.0372,-2.6318,-33.960932,18.459746,94.800
0.000,-0.13,-0.14,0.00,-0.0853,0.2670,-1.0704,-2.6014,-0.0351,-2.5930,-33.960932,18.459744,95.500
0.000,0.04,0.16,-0.02,-0.0852,0.2666,-1.0698,-2.5546,-0.0381,-2.5911,-33.960932,18.459746,95.400
0.000,-0.68,0.17,-0.06,-0.0900,0.2690,-1.0675,-2.5997,0.0022,-2.5657,-33.960936,18.459750,95.300
0.000,1.21,-0.44,0.09,-0.0838,0.2660,-1.0699,-2.6149,0.0052,-2.5914,-33.960936,18.459754,95.200
0.000,-0.99,0.44,-0.15,-0.0888,0.2664,-1.0684,-2.5812,0.0017,-2.6411,-33.960936,18.459756,95.100
0.000,-0.47,0.21,-0.71,0.0039,0.2534,-1.0689,-2.5963,0.0483,-2.5753,-33.960936,18.459762,94.900
0.000,-0.07,-0.13,4.23,-0.0041,0.2447,-1.0771,-2.6159,0.0297,-2.6047,-33.960936,18.459768,94.800
0.000,0.06,0.89,3.35,0.0137,0.2398,-1.0768,-2.5748,0.0532,-2.5929,-33.960940,18.459774,94.700
0.000,-1.72,-1.40,1.11,0.0485,0.2281,-1.0997,-2.5920,0.0971,-2.5797,-33.960940,18.459780,94.500
0.000,-1.21,0.47,2.19,0.0128,0.2166,-1.0906,-2.5889,0.1473,-2.5706,-33.960944,18.459786,94.400
0.000,2.43,-2.70,2.66,0.0300,0.2939,-1.0729,-2.4963,0.1930,-2.6312,-33.960976,18.459810,94.300
0.000,-0.64,-0.48,4.46,-0.0197,0.2638,-1.0665,-2.5004,0.0821,-2.5689,-33.961024,18.459834,94.200
0.000,-0.02,0.37,2.16,-0.1195,0.2855,-1.0645,-2.5102,0.1961,-2.5288,-33.961080,18.459858,93.900
0.000,-3.61,0.16,0.95,-0.0931,0.2805,-1.0557,-2.4917,0.2593,-2.5167,-33.961128,18.459878,93.700
0.000,-1.19,0.54,4.69,-0.1206,0.3186,-1.0527,-2.4869,0.2404,-2.5315,-33.961180,18.459886,93.500
0.000,-0.32,-5.74,17.13,-0.1112,0.4460,-1.0331,-2.4592,0.3127,-2.5044,-33.961224,18.459898,93.300
0.000,0.74,-8.91,27.95,0.0257,0.5183,-1.0289,-2.1215,0.4419,-2.4576,-33.961280,18.459894,93.300
0.000,-1.02,-5.62,20.61,0.0366,0.3807,-1.1121,-1.7690,0.5134,-2.4062,-33.961320,18.459880,93.500
0.000,0.43,-0.16,13.38,0.0366,0.3582,-1.0444,-1.5381,0.4235,-2.4666,-33.961336,18.459858,93.800
